entity_name,entity_id,total_spend_million
ods_kdu_top09,2,39.488157029999996
spd,5,38.94756858
pirati_stan,3,24.74933598
cssd,1,14.753168969999999
trikolora,6,5.2483143199999995
prisaha,4,3.81744685
zeleni,7,0.16790045
