entity_name,entity_id,total_spend_million
ods_kdu_top09,2,39.50181093
spd,5,38.94756858
pirati_stan,3,24.85959957
cssd,1,14.77816897
trikolora,6,5.2483143199999995
prisaha,4,3.81744685
zeleni,7,0.16790045
