entity_name,entity_id,total_spend_million
ods_kdu-csl_top09,4,67.68524267
spd,7,49.01439707
pirati_stan,5,44.20486963
cssd,2,38.59268199
ano_2011,1,22.9614621
trikolora,8,20.1324235
kscm,3,14.60529424
prisaha,6,9.32033343
zeleni,9,0.88740373
