entity_name,entity_id,total_spend_million
ods_kdu_top09,2,39.46240961
spd,5,38.94756858
pirati_stan,3,24.74933598
cssd,1,14.75315997
trikolora,6,4.98231432
prisaha,4,3.81744685
zeleni,7,0.16790045
