entity_name,entity_id,total_spend_million
ods_kdu_top09,2,40.37062223
spd,5,38.94756858
pirati_stan,3,24.85959957
cssd,1,14.77816897
trikolora,6,5.26473632
prisaha,4,3.81744685
zeleni,7,0.16790045
