entity_name,entity_id,total_spend_million
ods_kdu_top09,2,46.44959923
spd,5,38.96756858
pirati_stan,3,25.20713814
cssd,1,15.08066897
trikolora,6,5.28473632
prisaha,4,3.81744685
zeleni,7,0.16892895
