entity_name,entity_id,total_spend_million
spd,5,38.92756858
ods_kdu_top09,2,37.8492697
pirati_stan,3,24.50935828
cssd,1,14.615593089999999
trikolora,6,4.8513369
prisaha,4,3.79264185
zeleni,7,0.16790045
